label,name,desc
知识点,C语言程序的结构,C语言程序一般由头文件、全局变量、主函数main()、函数定义等部分组成。程序从main()开始执行，通过函数调用和返回来组织代码结构。
知识点,C语言课程介绍,C语言课程介绍包括C语言的基本语法、数据类型、控制结构、函数等内容，是学习程序设计的基础课程。
知识点,C语言程序的开发环境,C语言程序的开发环境包括编译器、编辑器和调试器等工具。常用的C语言开发环境有GCC、Clang、Visual Studio等，能够帮助开发者编写、编译和调试C语言程序。
知识点,问题求解的过程,问题求解的过程通常包括需求分析、算法设计、编程实现、测试和优化等步骤。通过分解问题和构建算法，程序员能够高效地解决复杂的计算问题。
知识点,语言处理程序,语言处理程序包括编译器、解释器和链接器等，用于将程序代码转换为机器可执行的代码。编译器将源代码转换为目标代码，解释器逐行执行代码，链接器负责将多个目标文件合并。
知识点,程序设计语言发展,程序设计语言经历了从机器语言到高级语言的演化过程。早期的程序设计语言是面向机器的，随着计算机的进步，开发出了更加抽象、易于理解的高级语言，如C、C++、Java等。
知识点,程序设计语言概述,程序设计语言是计算机编程中用于编写源代码的语言，分为低级语言（如汇编语言）和高级语言（如C语言）。高级语言抽象性高，便于开发者编写和维护代码。
知识点,计算机语言,计算机语言是人类与计算机之间交流的桥梁，分为机器语言、汇编语言和高级语言。机器语言直接与计算机硬件通信，汇编语言为机器语言的简化，高级语言更接近人类思维方式。
知识点,C程序,C程序是一种采用C语言编写的计算机程序，具有高效、简洁的特点。C语言广泛应用于操作系统、嵌入式系统等领域。一个标准的C程序通常包含头文件、函数定义、主函数等部分。
知识点,编程风格,编程风格是指程序员在编写代码时遵循的一些习惯和规范，包括命名规则、代码缩进、注释规范等。良好的编程风格可以提高代码的可读性和维护性。
知识点,算法概念,算法是解决特定问题的一组明确的指令或规则。它通常由输入、输出、步骤、条件判断和循环等构成，具有效率性、清晰性和可行性等特点。算法设计是编程的核心。
知识点,算法描述,算法描述是指对算法进行准确表达，通常采用自然语言、伪代码或流程图等形式。伪代码是一种非正式的描述方法，便于开发者理解算法的基本逻辑和步骤。
知识点,算法控制结构,算法控制结构包括顺序结构、选择结构和循环结构，决定了程序执行的路径。选择结构和循环结构使得算法能够处理复杂的逻辑分支和反复执行的操作。
知识点,C语言的诞生,C语言由Dennis Ritchie在1972年开发，是一种高效的系统编程语言。它在UNIX操作系统的开发中起到了至关重要的作用，后来被广泛应用于各种软件开发中。
知识点,C语言的发展,C语言自诞生以来经历了多个版本的演变，包括K&R C、ANSI C等。它的简洁、高效和灵活性使其成为许多操作系统、应用程序和嵌入式系统的首选语言。
知识点,C语言的流行性,C语言凭借其高效、便捷、跨平台的特点，广泛应用于操作系统开发、嵌入式编程、网络编程等领域。C语言的流行性还得益于它的丰富库函数和良好的社区支持。
知识点,C语言的用途,C语言用于开发操作系统、嵌入式系统、数据库管理系统、网络通信软件等。它因其高效性和对硬件的直接控制能力，成为了低级系统编程和性能要求高的软件开发的首选语言。
知识点,C语言的特点,C语言是一种过程化的编程语言，具有简洁、灵活、高效、可移植性强的特点。它可以直接操作硬件，适合编写底层程序。C语言还支持结构化编程和模块化设计。
知识点,选择结构的引入,选择结构用于根据条件判断决定程序执行路径。if语句和switch语句是常见的选择结构。选择结构可以处理不同的输入情况，实现程序的逻辑分支。
知识点,循环语句的选择,循环语句用于重复执行某些代码，直到满足条件。for、while和do-while是常见的循环结构，它们在处理多次重复任务时非常高效。
知识点,逻辑运算符的短路特性,逻辑运算符&&（与）和`
知识点,逻辑运算符与逻辑表达式,逻辑运算符用于处理布尔值（真和假）。&&（与）、`
知识点,关系运算符与关系表达式,关系运算符用于比较两个值的大小或关系，常用的关系运算符有==、!=、>、<、>=、<=等。关系表达式的结果是布尔值，通常用于条件判断中。
知识点,二进制数字的基本知识——计算机系统,二进制是计算机内部使用的数字表示系统。计算机通过0和1的状态表示数据，所有程序和数据都可以转换为二进制形式进行存储和计算。
知识点,数组遍历——查找某个数,数组遍历是对数组中每个元素进行访问。通过遍历，可以查找数组中是否存在特定的数值，常见的查找方法包括线性查找和二分查找。
知识点,数组遍历——求最小值,数组遍历时可以通过比较每个元素来求数组中的最小值。遍历数组的过程中，记录当前最小值，并与后续元素进行比较。
知识点,数组应用——选择排序法,选择排序是一种简单的排序算法，通过从数组中找到最小（或最大）元素，并与当前元素交换位置，逐步将元素按顺序排列。
知识点,数组应用——冒泡排序法,冒泡排序通过重复交换相邻元素，将较大的元素“冒泡”到数组的末端，直到数组有序。它的时间复杂度较高，但简单易理解，适用于小规模数据排序。
知识点,文本类型数据与操作——计算机系统,计算机系统中的文本数据通常以字符编码（如ASCII或Unicode）表示。操作文本数据时，可以进行读写、格式化处理、字符替换等操作。
知识点,最简单的C顺序程序编写方法,最简单的C程序包括头文件引入、main函数的定义、输出语句等，按顺序执行各个语句，适合初学者理解程序的基本结构。
知识点,掌握数据的输入,数据输入常通过scanf函数实现，可以从键盘获取用户输入的数据，并根据数据类型格式化输入内容。
知识点,掌握数据的输出,数据输出常通过printf函数实现，能够打印变量的值、文本和格式化数据。输出格式可以指定宽度、精度等，适应不同的显示需求。
章,C语言概述,C语言概述介绍了C语言的基本概念、特点和技术优势，是学习C语言的起点。
章,数据类型、常量、变量、表达式,数据类型、常量、变量和表达式是C语言的基础，涵盖了基本数据表示和操作方式。
章,选择（分支）结构程序设计,选择（分支）结构程序设计通过if、else等语句实现程序的分支逻辑，满足不同条件的处理需求。
章,循环结构程序设计,循环结构程序设计通过for、while等循环语句实现重复执行，是解决迭代问题的核心。
章,函数,函数是C语言的核心模块化结构，通过定义和调用来实现代码的复用和逻辑封装。
章,数组,数组是C语言中存储和操作连续数据的有效方式，广泛用于数据集合的处理。
章,指针,指针是C语言中访问和操作内存地址的手段，是处理动态数据和高效操作的关键。
章,结构体、共用体与枚举,结构体、共用体和枚举用于定义复杂数据类型，适应不同场景的数据组织需求。
章,文件,文件操作是C语言中处理外部数据的重要功能，包括文件的读写和管理。
章,简单的C程序设计,"本章通过基础案例演示C程序的顺序结构设计，包括输入输出函数的用法、简单算法的实现，帮助初学者掌握C程序的基本编写方法。
"
节,程序设计语言,程序设计语言是计算机与人类沟通的桥梁，用于描述程序逻辑和实现算法。
节,算法基础,算法基础是编程的核心，包括算法概念、设计方法和复杂度分析，是解决问题的基石。
节,C语言的发展历史及特点,C语言发展历史回顾了其起源与演进，特点在于高效性、简洁性和广泛适用性。
节,初识C语言程序,"初识C语言程序通过简单的“Hello, World!”程序，介绍C语言的基本结构和运行方式。"
节,顺序结构引入,顺序结构引入讲解程序按步骤执行的特性，是理解程序流程的基础。
节,函数的引入,函数的引入阐述了函数的定义、调用和作用，是实现代码模块化的重要手段。
节,生活中的递归,生活中的递归通过实际例子解释递归的概念，帮助理解递归的逻辑和特性。
节,不同数据类型详解,不同数据类型详解分析了C语言中各种数据类型的分类、特点和用法。
节,常量,常量介绍了C语言中的常量定义和使用，包括数值常量和符号常量。
节,变量,变量讲解了变量的声明、赋值和作用，以及在程序中的动态特性。
节,运算符和表达式,运算符和表达式涵盖了算术、逻辑、关系等运算符，以及表达式的构造和应用。
节,位运算,位运算介绍了二进制位的运算规则及C语言中的位操作符，是低级操作的基础。
节,符号常量与宏替换,本节通过#define指令定义符号常量与宏函数，解释预处理阶段的宏替换机制，并对比宏与const常量的优缺点。
节,类型转换,本节分析自动类型转换与强制类型转换的触发条件与规则，强调数据精度丢失的风险及合理转换的策略。
节,运算符和表达式概述,本节总结运算符的分类与优先级，结合表达式实例演示如何通过运算符组合实现复杂计算逻辑。
节,数组的引入,"本节通过案例说明数组在存储同类型数据集合时的优势，讲解一维数组的定义、初始化及引用方法。
"
节,二维数组的定义与引用,本节解析二维数组的声明与内存布局，通过矩阵操作案例演示如何通过双重循环遍历和操作二维数组元素。
节,字符数组,本节对比字符数组与字符串的关系，讲解字符数组的初始化、输入输出方法，及常见操作（如拼接、比较）的实现。
节,字符串常用函数,本节介绍标准库中的字符串处理函数（如strlen、strcpy、strcat），并通过实例演示其用法与注意事项。
节,文件操作,本节系统讲解文件的打开模式（如读、写、追加）、读写函数（如fread、fwrite）及错误处理方法，强调文件操作的安全性。
节,字符、字符串文件读写函数,"本节对比fgetc/fputc与fgets/fputs函数的功能差异，通过案例演示逐字符和逐行读写文本文件的方法。
"
节,数据块读写函数,本节通过二进制文件读写案例，说明fread和fwrite函数在处理结构化数据块（如结构体数组）时的高效性。
知识点,文件引入,在C语言中，通过使用#include预处理指令可以引入外部头文件，从而将其他模块的功能整合到当前文件中，方便代码的管理和模块化。
知识点,文本文件与二进制文件,文本文件采用字符编码（如ASCII、Unicode）存储，适合人类阅读；二进制文件存储为原始数据字节，适合程序处理。两者的主要区别在于存储方式和处理效率。
知识点,格式化文件读写函数,fprintf、fscanf、sprintf和sscanf用于格式化文本数据的读写，常用于处理具有特定格式的文本文件和字符串数据。
知识点,数据块读写文件,使用fread和fwrite函数读写二进制文件，适合处理大规模数据块，如图像、音频等。读写操作较高效，通常用于结构化数据存储。
知识点,文件随机读写,通过fseek和ftell控制文件指针位置，支持在文件的任意位置进行读写操作，常用于大文件的非顺序访问。
知识点,字符串文件读写函数,fgets用于从文件读取一行文本，fputs用于将字符串写入文件，适用于逐行处理文本数据。
知识点,字符文件读写函数,fgetc用于从文件读取一个字符，fputc用于写入一个字符，适用于逐字符处理文本数据。
知识点,文件的打开与关闭,fopen用于打开文件，fclose用于关闭文件，处理文件的读写权限和文件流操作，成功返回文件指针，失败返回NULL或EOF。
知识点,结构体的定义,使用struct关键字定义结构体，组合不同类型的成员数据，常用于表示复杂对象，如struct Person { char name[20]; int age; };。
知识点,结构体引入,使用#include引入包含结构体定义的头文件，方便在多个文件中复用结构体。
知识点,结构体综合型实验,结构体综合型实验通常要求结合多个结构体成员和操作，解决一个实际问题。实验中可能涉及到创建多个结构体，使用结构体数组或指针，甚至结合文件操作、函数等实现复杂的功能。例如，可以设计一个学生信息管理系统，定义学生信息结构体Student，包括姓名、学号、成绩等成员。实验中需要操作结构体数据，如排序、查找、修改等。通过这个实验，能够深入理解结构体的定义、操作以及在实际开发中的应用。
知识点,枚举类型,"使用enum定义一组命名的整数常量，常用于表示状态、选项等。例如，enum Week { Mon, Tue, Wed };。可以显式指定枚举值。"
知识点,共用体,使用union定义共用体，使不同类型的成员共享同一内存位置。适合节省内存，尤其在只需存储一个值时。
知识点,链表,链表是一种动态数据结构，由节点组成，每个节点包含数据和指向下一个节点的指针，适用于插入、删除操作频繁的场景。
知识点,结构体的应用,结构体用于组合不同类型的数据，适合表示复杂的对象或实体。通过结构体，可以将相关的多个数据项组织在一起，便于管理和处理。例如，定义一个Person结构体，包含name（姓名）、age（年龄）、height（身高）等成员，表示一个人的信息。结构体不仅可以用于函数参数传递，还常用于数据存储、文件读写、链表与树的节点表示等场景。使用结构体可以提高代码的可读性、模块化和重用性。示例：struct Person { char name[20]; int age; float height; };
知识点,指针变量的定义,指针是存储内存地址的变量，指向特定类型的数据。通过*定义，如int *ptr;，用于间接访问变量值。
知识点,指针的引入,通过声明指针变量，可以在程序中实现对动态内存的访问与管理。例如，int *p;表示指向整型数据的指针。
知识点,指向指针的指针,一个指针变量可以存储另一个指针变量的地址，这被称为指向指针的指针。例如，int **pptr;表示指向指针的指针。
知识点,指针数组,一种结构体类型，通常通过指针访问数组元素，适合动态大小的数组存储。
知识点,指向函数的指针,"可以使用函数指针来指向某个函数，使得函数调用更加灵活。例如，int (*func_ptr)(int, int);表示一个指向函数的指针。"
知识点,指针作为函数返回值,函数可以返回指针类型的值，例如返回数组或动态分配的内存地址。需要确保返回的指针有效，避免悬空指针。
知识点,指针与内存的动态分配,通过malloc、calloc、realloc等函数进行动态内存分配，指针用于访问分配的内存块。
知识点,指针与字符数组,字符数组和指针都可以表示字符串，指针可以直接指向字符数组的首地址，通过指针操作字符数组。
知识点,指针与一维数组,指针可以用来操作一维数组，通过指针的偏移访问数组元素。
知识点,指针作为函数的参数,函数参数可以是指针，这样可以直接操作传入的变量，而不需要通过返回值。
知识点,指针变量的赋值与运算,指针变量可以进行赋值操作，也可以进行算术运算（如递增、递减），通过指针算术访问数组元素。
知识点,一维数组的定义,使用[]符号定义一维数组，如int arr[5];，数组中的元素类型一致，元素可通过索引访问。
知识点,数组综合性实验,利用数组实现各种算法和操作，如排序、查找等，强化对数组应用的理解。
知识点,二维数组的应用,二维数组用于表示矩阵或表格结构，可以通过索引访问其中的元素，通常用于存储表格数据或图像数据。
知识点,数组应用--冒泡排序法,冒泡排序是一种简单的排序算法，通过重复交换相邻元素来排序数组，直到数组有序。示例代码包括for循环交换元素。
知识点,数组应用--选择排序法,选择排序通过不断选择最小元素并交换位置，逐步将数组排序。适用于小规模数据的排序。
知识点,数组遍历--查找某一个数,通过遍历数组中的每个元素，查找特定值并返回其索引。常用的算法有线性查找。
知识点,数组遍历--求最小值,通过遍历数组中的所有元素，找到最小值并返回其值。
知识点,一维数组的引用及初始化,"可以通过指定初值来初始化一维数组，如int arr[3] = {1, 2, 3};。引用数组元素时可以通过指针或数组索引。"
知识点,数组引入,数组在头文件中定义，可以通过#include引入并在多个源文件中使用。
知识点,构造类型,构造类型是通过组合已有的数据类型来创建新类型，结构体、共用体、枚举类型都属于构造类型。它们帮助组织复杂的数据和提供更高层次的抽象。
知识点,字符串输入输出函数,字符串输入输出函数包括scanf、printf、gets、puts等，主要用于处理字符串的输入输出。gets不安全，推荐使用fgets。
知识点,字符操作,字符操作常用于处理单个字符的数据，C语言提供了一系列函数，如isalpha、isdigit、toupper等用于字符的检测和转换。
知识点,字符数组与字符串,字符数组是用于存储字符的数组，字符串通常以'\0'结尾表示结束，字符数组和字符串常常互换使用，但字符串是字符数组的一个特殊形式。
知识点,字符串,"字符串在C语言中是以字符数组形式存储的，使用char类型数组来定义，例如：char str[] = ""Hello"";，字符串的末尾有一个自动的\0字符。"
知识点,数组定义,数组是一种有序的元素集合，可以通过索引访问和操作每个元素。在编程中，我们可以定义和操作不同类型（如整数、字符串等）的数组。数组具有固定的长度，可以通过索引快速访问特定元素。
知识点,二维数组的引用,二维数组可以通过指针引用其元素，使用arr[i][j]来访问元素，也可以通过指针运算如*(arr + i * col + j)来实现。
知识点,二维数组初始化,"二维数组初始化时需要指定行列大小，可以通过大括号嵌套的方式来初始化数组元素。例如：int arr[2][3] = {{1, 2, 3}, {4, 5, 6}};"
知识点,数据类型综合型实验,通过数据类型综合实验，学生可以更好地理解不同数据类型之间的关系与转换，练习如何使用不同类型进行有效的运算与存储。
知识点,数据类型导入,在C语言中，数据类型的导入通常是指引入头文件或者通过typedef等方式简化复杂的数据类型声明。
知识点,不同类型数据之间区别,不同数据类型在存储大小、表示范围和操作特性上存在区别。整数、浮点数、字符类型等数据类型具有不同的存储方式，且运算时处理方式不同。
知识点,sizeof()的使用,sizeof是一个操作符，用于返回数据类型或变量占用的字节数。例如，sizeof(int)返回int类型的字节数。常用于动态内存分配和数组大小计算。
知识点,转移字符,转移字符用于在字符串中表示特殊字符，如\n表示换行，\t表示制表符，\r表示回车等，通常在格式化字符串时使用。
知识点,字符集字符串表示方法,"字符集字符串表示方法通常用双引号括起字符串，例如：""Hello World""，并根据编码格式（如ASCII、Unicode）决定字符的存储方式。"
知识点,实型常量表示方法,实型常量通常使用浮点数表示，如3.14、-5.67e-3等，可以用float、double类型来存储。实型常量用于需要高精度的数值表示。
知识点,整型常量表示方法,整型常量表示方法通常是整数形式，如10、-256，并可以通过加前缀（如0x表示十六进制，0表示八进制）来表示不同的进制。
知识点,变量的含义与意义,变量是用于存储数据的内存位置，通过变量名可以访问和操作存储的数据。它在程序中占有特定的内存空间，类型决定了它可以存储的数据范围。
知识点,变量名的命名规则,变量名必须遵循一定的规则，如必须以字母或下划线开头，后续可以包含字母、数字或下划线；不能使用C语言的关键字作为变量名。
知识点,变量的定义,变量的定义通常包括变量名、数据类型及其初值。例如：int num = 5;，在定义变量时，类型决定了变量存储的数据类型。
知识点,变量的操作,变量的操作包括赋值、运算、比较等。C语言支持各种运算符来操作变量，如算术运算符、关系运算符、逻辑运算符等。
知识点,强制类型转换,强制类型转换通过(type)语法实现，例如：(int)3.14将浮点数强制转换为整数。它常用于不同类型之间的转换，可能会丢失数据。
知识点,自动类型转换,自动类型转换是编译器自动进行的类型转换，当不同类型的变量一起运算时，较低精度类型会被自动转换为较高精度类型。例如，int和float相加时会自动将int转换为float。
知识点,const常量,const关键字用于声明常量，常量值在程序运行过程中不能被修改。例如，const int MAX = 100;。常量有助于提高程序的安全性和可读性。
知识点,符号常量,符号常量通常通过#define预处理指令定义，用于在程序中使用替代值。例如：#define PI 3.14。符号常量可以使代码更加灵活和易于维护。
知识点,直接使用常量的影响,直接使用常量可能导致代码重复或难以维护，使用符号常量或const常量可以提高代码的可读性和维护性。
知识点,位运算符,位运算符用于对整数类型进行按位操作，如与&、或`
知识点,逗号运算符,"逗号运算符允许在一个表达式中执行多个操作，操作按照从左到右的顺序进行，最后的操作结果作为整个表达式的结果。例如：x = (a = 5, b = 10, a + b);。"
知识点,算术运算符,算术运算符用于执行常见的数学运算，如加法+、减法-、乘法*、除法/、取余%等。它们在数值计算中经常使用。
知识点,算术表达式,算术表达式由常量、变量和算术运算符组成，用于计算数值结果。例如，int sum = a + b * c;，运算遵循优先级规则。
知识点,赋值运算符,赋值运算符用于将值赋给变量，常见的赋值运算符包括=，此外还有复合赋值运算符如+=、-=、*=、/=等。
知识点,复合赋值运算符,复合赋值运算符是一种简化形式，用于同时进行运算并赋值。例如，x += 10;相当于x = x + 10;。这种运算符可以减少代码重复，提高代码效率。
知识点,自增自减运算符,自增自减运算符++和--用于使变量的值自增1或自减1，支持前置和后置形式。例如，++x和x++。它们常用于循环和递增、递减操作中。
知识点,运算符的概念,运算符是用于执行某种运算的符号，C语言提供了多种运算符，如算术运算符、逻辑运算符、关系运算符、位运算符等。
知识点,运算符的分类,运算符可分为算术运算符、关系运算符、逻辑运算符、位运算符、赋值运算符等。每种运算符有不同的作用和优先级，决定了表达式的计算顺序。
知识点,表达式的组成,表达式是由操作数、运算符和括号组成的，操作数可以是常量、变量、函数调用等，运算符用于对操作数进行操作，括号用于控制运算顺序。
知识点,函数的定义,"函数是完成特定任务的代码块，它可以接受输入参数并返回一个值。函数的定义包括返回类型、函数名、参数列表和函数体。例如：int add(int a, int b) { return a + b; }。"
知识点,函数的声明,"函数声明用于告知编译器函数的返回类型、名称和参数类型，但不包括函数体。函数声明通常放在头文件中，确保其他文件能正确调用。例如：int add(int, int);"
知识点,函数的调用,"函数调用是指程序在需要时执行已定义的函数。在调用时，实参会传递给函数的形参，返回值可通过函数调用的方式获取。例如：int result = add(3, 4);"
知识点,参数传递,参数传递有两种方式：值传递和引用传递。值传递将实参的副本传递给函数，引用传递将实参的地址传递给函数，允许函数修改传入参数的值。
知识点,函数的嵌套调用,函数的嵌套调用指一个函数内部调用另一个函数。嵌套调用使得程序结构更加模块化，避免重复代码。例如，函数A内部调用函数B，函数B再调用函数C。
知识点,函数的递归调用,函数递归是指函数在执行过程中调用自己，常用于解决具有重复性质的计算问题，如斐波那契数列、汉诺塔等。递归需要有一个退出条件，否则会导致无限递归。
知识点,递归的应用,递归广泛应用于解决一些具有递推关系的问题，如计算阶乘、斐波那契数列、树的遍历、图的深度优先搜索等。递归能简化问题的表达，便于代码实现。
知识点,局部变量,局部变量是在函数内部定义并仅在该函数内部有效的变量。它们在函数调用时创建，函数调用结束后销毁。局部变量通常用于存储函数内的临时数据。
知识点,全局变量,全局变量是在函数外部定义并且在整个程序中都可以访问的变量。它们在程序开始时创建，在程序结束时销毁。全局变量适用于多个函数共享的数据。
知识点,静态变量,静态变量的生命周期在程序运行期间，作用域与局部变量相同，但其值在函数调用之间保留。使用static关键字定义静态变量，例如：static int count = 0;
知识点,外部变量,外部变量是指在程序的不同源文件之间共享的全局变量，使用extern关键字声明，在不同文件间共享数据时很有用。
知识点,宏定义,宏定义通过#define预处理指令创建常量或宏函数，它在编译时被替换为对应的值。宏定义提高代码的可维护性和可读性，避免了硬编码的使用。
知识点,文件包含,文件包含是通过#include指令引入外部头文件或其他源代码文件，将其内容嵌入当前文件。通常用于引入函数声明、结构体定义等。
知识点,函数综合型实验,函数综合型实验帮助学生通过实践掌握函数的定义、声明、调用及参数传递等基本概念，增强对函数在程序中作用的理解。
知识点,什么是函数,函数是一个封装了特定功能的代码块，接受输入并返回输出，具有明确的输入输出定义。通过函数可以提高代码复用性、可读性和可维护性。
知识点,结构化程序设计思想,结构化程序设计强调通过函数和模块化的方式组织程序，避免使用不清晰的跳转结构，推动代码的可读性和维护性。
知识点,函数的分类,函数可以根据功能划分为不同类型，如标准库函数、自定义函数、递归函数等。每类函数具有不同的功能和适用场景。
知识点,递归算法,递归算法是通过函数调用自己来解决问题的算法，具有简单、直观的特点。常见的递归算法有二叉树遍历、排序算法等。
知识点,斐波那契数列,斐波那契数列是一个经典的递归问题，每个数是前两个数的和，通常用于递归算法的学习和实践。斐波那契数列的递归公式为F(n) = F(n-1) + F(n-2)。
知识点,汉诺塔,汉诺塔问题是一个经典的递归问题，目标是将一组盘子从一个柱子移动到另一个柱子，遵循每次只能移动一个盘子且较大的盘子不能放在较小的盘子上面。
知识点,循环结构引入,循环结构用于重复执行某些语句，直到满足指定条件。常见的循环结构有for、while和do-while。
知识点,循环语句选择,循环语句的选择取决于要实现的任务，for用于已知次数的循环，while和do-while适用于未知次数但依赖条件的循环。
知识点,循环语句应用,循环语句常用于解决需要重复计算的任务，如遍历数组、求和、查找等。通过合适的条件控制循环的结束，避免死循环发生。
知识点,递推法应用,递推法常用于解决递归问题的迭代版本，如斐波那契数列的非递归计算，利用迭代计算提高效率，减少函数调用的开销。
知识点,多重循环,多重循环是指在一个循环内部嵌套另一个循环，常用于二维数组的遍历和矩阵运算等场景。适当控制循环次数和条件，避免不必要的计算。
知识点,循环结构综合型实验,循环结构综合型实验通过实践加强对不同类型循环结构的理解，掌握如何高效地使用循环结构解决实际问题。
知识点,break和continue语句,break语句用于跳出当前循环，continue语句用于跳过当前循环的剩余部分，进入下一次循环。两者都能控制循环流程，增强程序的灵活性。
知识点,选择结构综合型实验,选择结构综合型实验帮助学生通过案例学习如何使用if、switch等选择结构来解决不同条件下的问题，增强分支结构的理解和应用。
知识点,if语句,if语句是最常见的选择结构，用于判断条件是否成立，条件成立时执行特定的代码块。通过else可以处理不满足条件的情况。
知识点,常见错误分析,常见错误包括语法错误、运行时错误和逻辑错误。程序员应当掌握调试技巧和错误排查方法，如通过调试器、日志等手段分析错误的来源。
知识点,顺序结构与语句,顺序结构是最简单的程序结构，代码按照从上到下的顺序逐行执行。顺序结构适合执行不需要选择或循环的简单操作。
